{
  "ApplicateRecords": [
    {
      "Name": "Eswar",
      "MobileNum": "9981987817",
      "email": "Eswar@gmail.com",
      "dob": "2022-08-03",
      "gender": "male",
      "Degree": "B.tech ",
      "country": "India",
      "password": "Eswar@1234",
      "confpassword": "Eswar@1234",
      "add": "Moturu Road,Dondapadu",
      "id": 1
    },
    {
      "Name": "Kiran",
      "MobileNum": "7981987817",
      "email": "Kiran@gmail.com",
      "dob": "2022-08-10",
      "gender": "male",
      "Degree": "B.tech ",
      "country": "India",
      "password": "Kiran@1234",
      "confpassword": "Kiran@1234",
      "add": "Moturu Road,Dondapadu",
      "id": 2
    },
    {
      "Name": "Teja",
      "MobileNum": "8981987817",
      "email": "Teja@gmail.com",
      "dob": "2022-08-09",
      "gender": "male",
      "Degree": "B.tech ",
      "country": "India",
      "password": "Teja@1234",
      "confpassword": "Teja@1234",
      "add": "Moturu Road,Dondapadu",
      "id": 3
    },
    {
      "Name": "Sai",
      "MobileNum": "6981987817",
      "email": "sai@gmail.com",
      "dob": "2022-08-09",
      "gender": "male",
      "Degree": "B.tech ",
      "country": "India",
      "password": "Sai@1234",
      "confpassword": "Sai@1234",
      "add": "Moturu Road,Dondapadu",
      "id": 4
    },
    {
      "Name": "Merugumala Kiran Sai",
      "MobileNum": "7981987817",
      "email": "saik25515@gmail.com",
      "dob": "2022-08-09",
      "gender": "male",
      "Degree": "B.tech ",
      "country": "India",
      "password": "Kiran@1234",
      "confpassword": "Kiran@1234",
      "add": "Moturu Road,Dondapadu",
      "id": 5
    }
  ],
  "postJobs": [
    {
      "Title": "fdgfdg",
      "Description": "adsfsdf",
      "id": 5
    }
  ],
  "AppicantStatus": [
    {
      "Name": "Sai",
      "MobileNum": "7981987817",
      "email": "sai@gmail.com",
      "Degree": "B.tech ",
      "gender": "male",
      "Title": "spring",
      "Status": "Accept",
      "id": 1
    },
    {
      "Name": "Kiran",
      "MobileNum": "7981987817",
      "email": "kiran@gmail.com",
      "Degree": "B.tech",
      "gender": "male",
      "Title": "java",
      "Status": "offer letter",
      "id": 2
    },
    {
      "Name": "Teja",
      "MobileNum": "8981987817",
      "email": "Teja@gmail.com",
      "Degree": "B.tech ",
      "gender": "male",
      "Title": "sql",
      "Status": "Reject",
      "id": 3
    },
    {
      "Name": "Eswar",
      "MobileNum": "9981987817",
      "email": "Eswar@gmail.com",
      "Degree": "B.tech ",
      "gender": "male",
      "Title": "java full stack",
      "Status": "onhold",
      "id": 4
    },
    {
      "Name": "Merugumala Kiran Sai",
      "MobileNum": "7981987817",
      "email": "saik25515@gmail.com",
      "Degree": "B.tech ",
      "gender": "male",
      "Title": "java full stack",
      "Status": "Accept",
      "id": 5
    }
  ]
}